Date,Name of State / UT,Total Confirmed cases (Indian National),Total Confirmed cases ( Foreign National ),Cured/Discharged/Migrated,Latitude,Longitude,Death,Total Confirmed cases
1/30/2020,Kerala,1,0,0,10.8505,76.2711,0,1
1/31/2020,Kerala,1,0,0,10.8505,76.2711,0,1
2/1/2020,Kerala,2,0,0,10.8505,76.2711,0,2
2/2/2020,Kerala,3,0,0,10.8505,76.2711,0,3
2/3/2020,Kerala,3,0,0,10.8505,76.2711,0,3
2/4/2020,Kerala,3,0,0,10.8505,76.2711,0,3
2/5/2020,Kerala,3,0,0,10.8505,76.2711,0,3
2/6/2020,Kerala,3,0,0,10.8505,76.2711,0,3
2/7/2020,Kerala,3,0,0,10.8505,76.2711,0,3
2/8/2020,Kerala,3,0,0,10.8505,76.2711,0,3
2/9/2020,Kerala,3,0,0,10.8505,76.2711,0,3
2/10/2020,Kerala,3,0,0,10.8505,76.2711,0,3
2/11/2020,Kerala,3,0,0,10.8505,76.2711,0,3
2/12/2020,Kerala,3,0,0,10.8505,76.2711,0,3
2/13/2020,Kerala,3,0,0,10.8505,76.2711,0,3
2/14/2020,Kerala,3,0,0,10.8505,76.2711,0,3
2/15/2020,Kerala,3,0,0,10.8505,76.2711,0,3
2/16/2020,Kerala,3,0,0,10.8505,76.2711,0,3
2/17/2020,Kerala,3,0,0,10.8505,76.2711,0,3
2/18/2020,Kerala,3,0,0,10.8505,76.2711,0,3
2/19/2020,Kerala,3,0,0,10.8505,76.2711,0,3
2/20/2020,Kerala,3,0,0,10.8505,76.2711,0,3
2/21/2020,Kerala,3,0,0,10.8505,76.2711,0,3
2/22/2020,Kerala,3,0,0,10.8505,76.2711,0,3
2/23/2020,Kerala,3,0,0,10.8505,76.2711,0,3
2/24/2020,Kerala,3,0,0,10.8505,76.2711,0,3
2/25/2020,Kerala,3,0,0,10.8505,76.2711,0,3
2/26/2020,Kerala,3,0,0,10.8505,76.2711,0,3
2/27/2020,Kerala,3,0,0,10.8505,76.2711,0,3
2/28/2020,Kerala,3,0,0,10.8505,76.2711,0,3
2/29/2020,Kerala,3,0,0,10.8505,76.2711,0,3
3/1/2020,Kerala,3,0,0,10.8505,76.2711,0,3
3/2/2020,Delhi,1,0,0,28.7041,77.1025,0,1
3/2/2020,Kerala,3,0,0,10.8505,76.2711,0,3
3/2/2020,Telengana,1,0,0,18.1124,79.0193,0,1
3/3/2020,Delhi,1,0,0,28.7041,77.1025,0,1
3/3/2020,Kerala,3,0,3,10.8505,76.2711,0,3
3/3/2020,Rajasthan,0,0,0,27.0238,74.2179,0,0
3/3/2020,Telengana,1,0,0,18.1124,79.0193,0,1
3/4/2020,Delhi,1,0,0,28.7041,77.1025,0,1
3/4/2020,Haryana,0,14,0,29.0588,76.0856,0,14
3/4/2020,Kerala,3,0,3,10.8505,76.2711,0,3
3/4/2020,Rajasthan,1,0,0,27.0238,74.2179,0,1
3/4/2020,Telengana,1,0,0,18.1124,79.0193,0,1
3/4/2020,Uttar Pradesh,6,0,0,26.8467,80.9462,0,6
3/5/2020,Delhi,2,0,0,28.7041,77.1025,0,2
3/5/2020,Haryana,0,14,0,29.0588,76.0856,0,14
3/5/2020,Kerala,3,0,3,10.8505,76.2711,0,3
3/5/2020,Rajasthan,1,0,0,27.0238,74.2179,0,1
3/5/2020,Telengana,1,0,0,18.1124,79.0193,0,1
3/5/2020,Uttar Pradesh,7,0,0,26.8467,80.9462,0,7
3/6/2020,Delhi,3,0,0,28.7041,77.1025,0,3
3/6/2020,Haryana,0,14,0,29.0588,76.0856,0,14
3/6/2020,Kerala,3,0,3,10.8505,76.2711,0,3
3/6/2020,Rajasthan,1,0,0,27.0238,74.2179,0,1
3/6/2020,Telengana,1,0,0,18.1124,79.0193,0,1
3/6/2020,Uttar Pradesh,7,0,0,26.8467,80.9462,0,7
3/7/2020,Delhi,3,0,0,28.7041,77.1025,0,3
3/7/2020,Haryana,0,14,0,29.0588,76.0856,0,14
3/7/2020,Kerala,3,0,3,10.8505,76.2711,0,3
3/7/2020,Rajasthan,1,0,0,27.0238,74.2179,0,1
3/7/2020,Tamil Nadu,1,0,0,11.1271,78.6569,0,1
3/7/2020,Telengana,1,0,0,18.1124,79.0193,0,1
3/7/2020,Union Territory of Ladakh,2,0,0,34.2996,78.2932,0,2
3/7/2020,Uttar Pradesh,7,0,0,26.8467,80.9462,0,7
3/8/2020,Delhi,3,0,0,28.7041,77.1025,0,3
3/8/2020,Haryana,0,14,0,29.0588,76.0856,0,14
3/8/2020,Kerala,8,0,3,10.8505,76.2711,0,8
3/8/2020,Rajasthan,1,0,0,27.0238,74.2179,0,1
3/8/2020,Tamil Nadu,1,0,0,11.1271,78.6569,0,1
3/8/2020,Telengana,1,0,0,18.1124,79.0193,0,1
3/8/2020,Union Territory of Ladakh,2,0,0,34.2996,78.2932,0,2
3/8/2020,Uttar Pradesh,7,0,0,26.8467,80.9462,0,7
3/9/2020,Delhi,4,0,0,28.7041,77.1025,0,4
3/9/2020,Haryana,0,14,0,29.0588,76.0856,0,14
3/9/2020,Karnataka,1,0,0,15.3173,75.7139,0,1
3/9/2020,Kerala,9,0,3,10.8505,76.2711,0,9
3/9/2020,Maharashtra,2,0,0,19.7515,75.7139,0,2
3/9/2020,Punjab,1,0,0,31.1471,75.3412,0,1
3/9/2020,Rajasthan,1,0,0,27.0238,74.2179,0,1
3/9/2020,Tamil Nadu,1,0,0,11.1271,78.6569,0,1
3/9/2020,Telengana,1,0,0,18.1124,79.0193,0,1
3/9/2020,Union Territory of Jammu and Kashmir,1,0,0,33.7782,76.5762,0,1
3/9/2020,Union Territory of Ladakh,2,0,0,34.2996,78.2932,0,2
3/9/2020,Uttar Pradesh,7,0,0,26.8467,80.9462,0,7
3/10/2020,Delhi,4,0,0,28.7041,77.1025,0,4
3/10/2020,Haryana,0,14,0,29.0588,76.0856,0,14
3/10/2020,Karnataka,4,0,0,15.3173,75.7139,0,4
3/10/2020,Kerala,15,0,3,10.8505,76.2711,0,15
3/10/2020,Maharashtra,5,0,0,19.7515,75.7139,0,5
3/10/2020,Punjab,1,0,0,31.1471,75.3412,0,1
3/10/2020,Rajasthan,1,0,0,27.0238,74.2179,0,1
3/10/2020,Tamil Nadu,1,0,0,11.1271,78.6569,0,1
3/10/2020,Telengana,1,0,0,18.1124,79.0193,0,1
3/10/2020,Union Territory of Jammu and Kashmir,1,0,0,33.7782,76.5762,0,1
3/10/2020,Union Territory of Ladakh,2,0,0,34.2996,78.2932,0,2
3/10/2020,Uttar Pradesh,7,0,0,26.8467,80.9462,0,7
3/11/2020,Delhi,5,0,0,28.7041,77.1025,0,5
3/11/2020,Haryana,0,14,0,29.0588,76.0856,0,14
3/11/2020,Karnataka,4,0,0,15.3173,75.7139,0,4
3/11/2020,Kerala,17,0,3,10.8505,76.2711,0,17
3/11/2020,Maharashtra,10,0,0,19.7515,75.7139,0,10
3/11/2020,Punjab,1,0,0,31.1471,75.3412,0,1
3/11/2020,Rajasthan,1,2,0,27.0238,74.2179,0,3
3/11/2020,Tamil Nadu,1,0,0,11.1271,78.6569,0,1
3/11/2020,Telengana,1,0,0,18.1124,79.0193,0,1
3/11/2020,Union Territory of Jammu and Kashmir,1,0,0,33.7782,76.5762,0,1
3/11/2020,Union Territory of Ladakh,2,0,0,34.2996,78.2932,0,2
3/11/2020,Uttar Pradesh,9,0,0,26.8467,80.9462,0,9
3/12/2020,Andhra Pradesh,1,0,0,15.9129,79.74,0,1
3/12/2020,Delhi,6,0,0,28.7041,77.1025,0,6
3/12/2020,Haryana,0,14,0,29.0588,76.0856,0,14
3/12/2020,Karnataka,4,0,0,15.3173,75.7139,1,4
3/12/2020,Kerala,17,0,3,10.8505,76.2711,0,17
3/12/2020,Maharashtra,11,0,0,19.7515,75.7139,0,11
3/12/2020,Punjab,1,0,0,31.1471,75.3412,0,1
3/12/2020,Rajasthan,1,2,0,27.0238,74.2179,0,3
3/12/2020,Tamil Nadu,1,0,0,11.1271,78.6569,0,1
3/12/2020,Telengana,1,0,0,18.1124,79.0193,0,1
3/12/2020,Union Territory of Jammu and Kashmir,1,0,0,33.7782,76.5762,0,1
3/12/2020,Union Territory of Ladakh,3,0,0,34.2996,78.2932,0,3
3/12/2020,Uttar Pradesh,10,1,0,26.8467,80.9462,0,11
3/13/2020,Andhra Pradesh,1,0,0,15.9129,79.74,0,1
3/13/2020,Delhi,6,0,0,28.7041,77.1025,0,6
3/13/2020,Haryana,0,14,0,29.0588,76.0856,0,14
3/13/2020,Karnataka,5,0,0,15.3173,75.7139,1,5
3/13/2020,Kerala,17,0,3,10.8505,76.2711,0,17
3/13/2020,Maharashtra,11,0,0,19.7515,75.7139,0,11
3/13/2020,Punjab,1,0,0,31.1471,75.3412,0,1
3/13/2020,Rajasthan,1,2,0,27.0238,74.2179,0,3
3/13/2020,Tamil Nadu,1,0,0,11.1271,78.6569,0,1
3/13/2020,Telengana,1,0,0,18.1124,79.0193,0,1
3/13/2020,Union Territory of Jammu and Kashmir,1,0,0,33.7782,76.5762,0,1
3/13/2020,Union Territory of Ladakh,3,0,0,34.2996,78.2932,0,3
3/13/2020,Uttar Pradesh,10,1,0,26.8467,80.9462,0,11
3/14/2020,Andhra Pradesh,1,0,0,15.9129,79.74,0,1
3/14/2020,Delhi,7,0,1,28.7041,77.1025,1,7
3/14/2020,Haryana,0,14,0,29.0588,76.0856,0,14
3/14/2020,Karnataka,6,0,0,15.3173,75.7139,1,6
3/14/2020,Kerala,19,0,3,10.8505,76.2711,0,19
3/14/2020,Maharashtra,14,0,0,19.7515,75.7139,0,14
3/14/2020,Punjab,1,0,0,31.1471,75.3412,0,1
3/14/2020,Rajasthan,1,2,1,27.0238,74.2179,0,3
3/14/2020,Tamil Nadu,1,0,0,11.1271,78.6569,0,1
3/14/2020,Telengana,1,0,0,18.1124,79.0193,0,1
3/14/2020,Union Territory of Jammu and Kashmir,2,0,0,33.7782,76.5762,0,2
3/14/2020,Union Territory of Ladakh,3,0,0,34.2996,78.2932,0,3
3/14/2020,Uttar Pradesh,11,1,5,26.8467,80.9462,0,12
3/15/2020,Andhra Pradesh,1,0,0,15.9129,79.74,0,1
3/15/2020,Delhi,7,0,2,28.7041,77.1025,1,7
3/15/2020,Haryana,0,14,0,29.0588,76.0856,0,14
3/15/2020,Karnataka,6,0,0,15.3173,75.7139,1,6
3/15/2020,Kerala,23,0,3,10.8505,76.2711,0,23
3/15/2020,Maharashtra,32,0,0,19.7515,75.7139,0,32
3/15/2020,Punjab,1,0,0,31.1471,75.3412,0,1
3/15/2020,Rajasthan,2,2,3,27.0238,74.2179,0,4
3/15/2020,Tamil Nadu,1,0,0,11.1271,78.6569,0,1
3/15/2020,Telengana,3,0,1,18.1124,79.0193,0,3
3/15/2020,Union Territory of Jammu and Kashmir,2,0,0,33.7782,76.5762,0,2
3/15/2020,Union Territory of Ladakh,3,0,0,34.2996,78.2932,0,3
3/15/2020,Uttar Pradesh,12,1,4,26.8467,80.9462,0,13
3/15/2020,Uttarakhand,1,0,0,30.0668,79.0193,0,1
3/16/2020,Andhra Pradesh,1,0,0,15.9129,79.74,0,1
3/16/2020,Delhi,7,0,2,28.7041,77.1025,1,7
3/16/2020,Haryana,0,14,0,29.0588,76.0856,0,14
3/16/2020,Karnataka,6,0,0,15.3173,75.7139,1,6
3/16/2020,Kerala,23,0,3,10.8505,76.2711,0,23
3/16/2020,Maharashtra,32,0,0,19.7515,75.7139,0,32
3/16/2020,Odisha,1,0,0,20.9517,85.0985,0,1
3/16/2020,Punjab,1,0,0,31.1471,75.3412,0,1
3/16/2020,Rajasthan,2,2,3,27.0238,74.2179,0,4
3/16/2020,Tamil Nadu,1,0,0,11.1271,78.6569,0,1
3/16/2020,Telengana,3,0,1,18.1124,79.0193,0,3
3/16/2020,Union Territory of Jammu and Kashmir,3,0,0,33.7782,76.5762,0,3
3/16/2020,Union Territory of Ladakh,4,0,0,34.2996,78.2932,0,4
3/16/2020,Uttar Pradesh,12,1,4,26.8467,80.9462,0,13
3/16/2020,Uttarakhand,1,0,0,30.0668,79.0193,0,1
3/17/2020,Andhra Pradesh,1,0,0,15.9129,79.74,0,1
3/17/2020,Delhi,8,0,2,28.7041,77.1025,1,8
3/17/2020,Haryana,1,14,0,29.0588,76.0856,0,15
3/17/2020,Karnataka,11,0,0,15.3173,75.7139,1,11
3/17/2020,Kerala,24,2,3,10.8505,76.2711,0,26
3/17/2020,Maharashtra,36,3,0,19.7515,75.7139,1,39
3/17/2020,Odisha,1,0,0,20.9517,85.0985,0,1
3/17/2020,Punjab,1,0,0,31.1471,75.3412,0,1
3/17/2020,Rajasthan,2,2,3,27.0238,74.2179,0,4
3/17/2020,Tamil Nadu,1,0,0,11.1271,78.6569,0,1
3/17/2020,Telengana,3,2,1,18.1124,79.0193,0,5
3/17/2020,Union Territory of Jammu and Kashmir,3,0,0,33.7782,76.5762,0,3
3/17/2020,Union Territory of Ladakh,6,0,0,34.2996,78.2932,0,6
3/17/2020,Uttar Pradesh,14,1,5,26.8467,80.9462,0,15
3/17/2020,Uttarakhand,1,0,0,30.0668,79.0193,0,1
3/18/2020,Andhra Pradesh,1,0,0,15.9129,79.74,0,1
3/18/2020,Delhi,9,1,2,28.7041,77.1025,1,10
3/18/2020,Haryana,3,14,0,29.0588,76.0856,0,17
3/18/2020,Karnataka,11,0,0,15.3173,75.7139,1,11
3/18/2020,Kerala,25,2,3,10.8505,76.2711,0,27
3/18/2020,Maharashtra,39,3,0,19.7515,75.7139,1,42
3/18/2020,Odisha,1,0,0,20.9517,85.0985,0,1
3/18/2020,Puducherry,1,0,0,11.9416,79.8083,0,1
3/18/2020,Punjab,1,0,0,31.1471,75.3412,0,1
3/18/2020,Rajasthan,2,2,3,27.0238,74.2179,0,4
3/18/2020,Tamil Nadu,1,0,0,11.1271,78.6569,0,1
3/18/2020,Telengana,4,2,1,18.1124,79.0193,0,6
3/18/2020,Union Territory of Jammu and Kashmir,3,0,0,33.7782,76.5762,0,3
3/18/2020,Union Territory of Ladakh,8,0,0,34.2996,78.2932,0,8
3/18/2020,Uttar Pradesh,15,1,5,26.8467,80.9462,0,16
3/18/2020,Uttarakhand,1,0,0,30.0668,79.0193,0,1
3/18/2020,West Bengal,1,0,0,22.9868,87.855,0,1
3/19/2020,Andhra Pradesh,2,0,0,15.9129,79.74,0,2
3/19/2020,Chhattisgarh,1,0,0,21.2787,81.8661,0,1
3/19/2020,Delhi,11,1,3,28.7041,77.1025,1,12
3/19/2020,Haryana,3,14,0,29.0588,76.0856,0,17
3/19/2020,Karnataka,14,0,0,15.3173,75.7139,1,14
3/19/2020,Kerala,25,2,3,10.8505,76.2711,0,27
3/19/2020,Maharashtra,44,3,0,19.7515,75.7139,1,47
3/19/2020,Odisha,1,0,0,20.9517,85.0985,0,1
3/19/2020,Puducherry,1,0,0,11.9416,79.8083,0,1
3/19/2020,Punjab,2,0,0,31.1471,75.3412,1,2
3/19/2020,Rajasthan,5,2,3,27.0238,74.2179,0,7
3/19/2020,Tamil Nadu,2,0,1,11.1271,78.6569,0,2
3/19/2020,Telengana,4,2,1,18.1124,79.0193,0,6
3/19/2020,Union Territory of Chandigarh,1,0,0,30.7333,76.7794,0,1
3/19/2020,Union Territory of Jammu and Kashmir,4,0,0,33.7782,76.5762,0,4
3/19/2020,Union Territory of Ladakh,8,0,0,34.2996,78.2932,0,8
3/19/2020,Uttar Pradesh,18,1,9,26.8467,80.9462,0,19
3/19/2020,Uttarakhand,1,0,0,30.0668,79.0193,0,1
3/19/2020,West Bengal,1,0,0,22.9868,87.855,0,1
3/20/2020,Andhra Pradesh,2,0,0,15.9129,79.74,0,2
3/20/2020,Chhattisgarh,1,0,0,21.2787,81.8661,0,1
3/20/2020,Delhi,16,1,3,28.7041,77.1025,1,17
3/20/2020,Gujarat,2,0,0,22.2587,71.1924,0,2
3/20/2020,Haryana,3,14,0,29.0588,76.0856,0,17
3/20/2020,Karnataka,15,0,0,15.3173,75.7139,1,15
3/20/2020,Kerala,26,2,3,10.8505,76.2711,0,28
3/20/2020,Maharashtra,44,3,0,19.7515,75.7139,1,47
3/20/2020,Odisha,1,0,0,20.9517,85.0985,0,1
3/20/2020,Puducherry,1,0,0,11.9416,79.8083,0,1
3/20/2020,Punjab,2,0,0,31.1471,75.3412,1,2
3/20/2020,Rajasthan,5,2,3,27.0238,74.2179,0,7
3/20/2020,Tamil Nadu,3,0,1,11.1271,78.6569,0,3
3/20/2020,Telengana,7,9,1,18.1124,79.0193,0,16
3/20/2020,Union Territory of Chandigarh,1,0,0,30.7333,76.7794,0,1
3/20/2020,Union Territory of Jammu and Kashmir,4,0,0,33.7782,76.5762,0,4
3/20/2020,Union Territory of Ladakh,10,0,0,34.2996,78.2932,0,10
3/20/2020,Uttar Pradesh,18,1,9,26.8467,80.9462,0,19
3/20/2020,Uttarakhand,1,0,0,30.0668,79.0193,0,1
3/20/2020,West Bengal,1,0,0,22.9868,87.855,0,1
3/21/2020,Andhra Pradesh,3,0,0,15.9129,79.74,0,3
3/21/2020,Chandigarh,1,0,0,30.7333,76.7794,0,1
3/21/2020,Chhattisgarh,1,0,0,21.2787,81.8661,0,1
3/21/2020,Delhi,25,1,5,28.7041,77.1025,1,26
3/21/2020,Gujarat,7,0,0,22.2587,71.1924,0,7
3/21/2020,Haryana,3,14,0,29.0588,76.0856,0,17
3/21/2020,Himachal Pradesh,2,0,0,31.1048,77.1734,0,2
3/21/2020,Jammu and Kashmir,4,0,0,33.7782,76.5762,0,4
3/21/2020,Karnataka,15,0,1,15.3173,75.7139,1,15
3/21/2020,Kerala,33,7,3,10.8505,76.2711,0,40
3/21/2020,Ladakh,13,0,0,34.2996,78.2932,0,13
3/21/2020,Madhya Pradesh,4,0,0,22.9734,78.6569,0,4
3/21/2020,Maharashtra,60,3,0,19.7515,75.7139,1,63
3/21/2020,Odisha,2,0,0,20.9517,85.0985,0,2
3/21/2020,Puducherry,1,0,0,11.9416,79.8083,0,1
3/21/2020,Punjab,13,0,0,31.1471,75.3412,1,13
3/21/2020,Rajasthan,15,2,3,27.0238,74.2179,0,17
3/21/2020,Tamil Nadu,3,0,1,11.1271,78.6569,0,3
3/21/2020,Telengana,10,11,1,18.1124,79.0193,0,21
3/21/2020,Uttar Pradesh,23,1,9,26.8467,80.9462,0,24
3/21/2020,Uttarakhand,3,0,0,30.0668,79.0193,0,3
3/21/2020,West Bengal,3,0,0,22.9868,87.855,0,3
3/22/2020,Andhra Pradesh,5,0,0,15.9129,79.74,0,5
3/22/2020,Bihar,2,0,0,25.0961,85.3131,1,2
3/22/2020,Chandigarh,5,0,0,30.7333,76.7794,0,5
3/22/2020,Chhattisgarh,1,0,0,21.2787,81.8661,0,1
3/22/2020,Delhi,28,1,5,28.7041,77.1025,1,29
3/22/2020,Gujarat,18,0,0,22.2587,71.1924,1,18
3/22/2020,Haryana,7,14,0,29.0588,76.0856,0,21
3/22/2020,Himachal Pradesh,2,0,0,31.1048,77.1734,0,2
3/22/2020,Jammu and Kashmir,4,0,0,33.7782,76.5762,0,4
3/22/2020,Karnataka,26,0,2,15.3173,75.7139,1,26
3/22/2020,Kerala,45,7,3,10.8505,76.2711,0,52
3/22/2020,Ladakh,13,0,0,34.2996,78.2932,0,13
3/22/2020,Madhya Pradesh,4,0,0,22.9734,78.6569,0,4
3/22/2020,Maharashtra,64,3,0,19.7515,75.7139,2,67
3/22/2020,Odisha,2,0,0,20.9517,85.0985,0,2
3/22/2020,Puducherry,1,0,0,11.9416,79.8083,0,1
3/22/2020,Punjab,21,0,0,31.1471,75.3412,1,21
3/22/2020,Rajasthan,22,2,3,27.0238,74.2179,0,24
3/22/2020,Tamil Nadu,5,2,1,11.1271,78.6569,0,7
3/22/2020,Telengana,11,11,1,18.1124,79.0193,0,22
3/22/2020,Uttar Pradesh,26,1,9,26.8467,80.9462,0,27
3/22/2020,Uttarakhand,3,0,0,30.0668,79.0193,0,3
3/22/2020,West Bengal,4,0,0,22.9868,87.855,0,4
3/23/2020,Andhra Pradesh,7,0,0,15.9129,79.74,0,7
3/23/2020,Bihar,2,0,0,25.0961,85.3131,1,2
3/23/2020,Chandigarh,6,0,0,30.7333,76.7794,0,6
3/23/2020,Chhattisgarh,1,0,0,21.2787,81.8661,0,1
3/23/2020,Delhi,28,1,5,28.7041,77.1025,1,29
3/23/2020,Gujarat,29,0,0,22.2587,71.1924,1,29
3/23/2020,Haryana,12,14,11,29.0588,76.0856,0,26
3/23/2020,Himachal Pradesh,2,0,0,31.1048,77.1734,0,2
3/23/2020,Jammu and Kashmir,4,0,0,33.7782,76.5762,0,4
3/23/2020,Karnataka,33,0,2,15.3173,75.7139,1,33
3/23/2020,Kerala,60,7,3,10.8505,76.2711,0,67
3/23/2020,Ladakh,13,0,0,34.2996,78.2932,0,13
3/23/2020,Madhya Pradesh,6,0,0,22.9734,78.6569,0,6
3/23/2020,Maharashtra,71,3,0,19.7515,75.7139,2,74
3/23/2020,Odisha,2,0,0,20.9517,85.0985,0,2
3/23/2020,Puducherry,1,0,0,11.9416,79.8083,0,1
3/23/2020,Punjab,21,0,0,31.1471,75.3412,1,21
3/23/2020,Rajasthan,26,2,3,27.0238,74.2179,0,28
3/23/2020,Tamil Nadu,7,2,1,11.1271,78.6569,0,9
3/23/2020,Telengana,22,10,1,18.1124,79.0193,0,32
3/23/2020,Uttar Pradesh,30,1,9,26.8467,80.9462,0,31
3/23/2020,Uttarakhand,3,0,0,30.0668,79.0193,0,3
3/23/2020,West Bengal,7,0,0,22.9868,87.855,1,7
3/24/2020,Andhra Pradesh,8,0,0,15.9129,79.74,0,8
3/24/2020,Bihar,3,0,0,25.0961,85.3131,1,3
3/24/2020,Chandigarh,7,0,0,30.7333,76.7794,0,7
3/24/2020,Chhattisgarh,1,0,0,21.2787,81.8661,0,1
3/24/2020,Delhi,29,1,6,28.7041,77.1025,2,30
3/24/2020,Gujarat,32,1,0,22.2587,71.1924,1,33
3/24/2020,Haryana,14,14,11,29.0588,76.0856,0,28
3/24/2020,Himachal Pradesh,3,0,0,31.1048,77.1734,1,3
3/24/2020,Jammu and Kashmir,4,0,0,33.7782,76.5762,0,4
3/24/2020,Karnataka,37,0,3,15.3173,75.7139,1,37
3/24/2020,Kerala,87,8,4,10.8505,76.2711,0,95
3/24/2020,Ladakh,13,0,0,34.2996,78.2932,0,13
3/24/2020,Madhya Pradesh,7,0,0,22.9734,78.6569,0,7
3/24/2020,Maharashtra,86,3,0,19.7515,75.7139,2,89
3/24/2020,Manipur,1,0,0,24.6637,93.9063,0,1
3/24/2020,Odisha,2,0,0,20.9517,85.0985,0,2
3/24/2020,Puducherry,1,0,0,11.9416,79.8083,0,1
3/24/2020,Punjab,29,0,0,31.1471,75.3412,1,29
3/24/2020,Rajasthan,30,2,3,27.0238,74.2179,0,32
3/24/2020,Tamil Nadu,13,2,1,11.1271,78.6569,0,15
3/24/2020,Telengana,25,10,1,18.1124,79.0193,0,35
3/24/2020,Uttar Pradesh,32,1,11,26.8467,80.9462,0,33
3/24/2020,Uttarakhand,3,1,0,30.0668,79.0193,0,4
3/24/2020,West Bengal,9,0,0,22.9868,87.855,1,9
3/25/2020,Andhra Pradesh,9,0,1,15.9129,79.74,0,9
3/25/2020,Bihar,4,0,0,25.0961,85.3131,1,4
3/25/2020,Chandigarh,7,0,0,30.7333,76.7794,0,7
3/25/2020,Chhattisgarh,1,0,0,21.2787,81.8661,0,1
3/25/2020,Delhi,30,1,6,28.7041,77.1025,1,31
3/25/2020,Gujarat,37,1,0,22.2587,71.1924,1,38
3/25/2020,Haryana,14,14,11,29.0588,76.0856,0,28
3/25/2020,Himachal Pradesh,3,0,0,31.1048,77.1734,1,3
3/25/2020,Jammu and Kashmir,7,0,1,33.7782,76.5762,0,7
3/25/2020,Karnataka,41,0,3,15.3173,75.7139,1,41
3/25/2020,Kerala,101,8,4,10.8505,76.2711,0,109
3/25/2020,Ladakh,13,0,0,34.2996,78.2932,0,13
3/25/2020,Madhya Pradesh,14,0,0,22.9734,78.6569,0,14
3/25/2020,Maharashtra,125,3,1,19.7515,75.7139,3,128
3/25/2020,Manipur,1,0,0,24.6637,93.9063,0,1
3/25/2020,Mizoram,1,0,0,23.1645,92.9376,0,1
3/25/2020,Odisha,2,0,0,20.9517,85.0985,0,2
3/25/2020,Puducherry,1,0,0,11.9416,79.8083,0,1
3/25/2020,Punjab,29,0,0,31.1471,75.3412,1,29
3/25/2020,Rajasthan,34,2,3,27.0238,74.2179,0,36
3/25/2020,Tamil Nadu,16,2,1,11.1271,78.6569,0,18
3/25/2020,Telengana,25,10,1,18.1124,79.0193,0,35
3/25/2020,Uttar Pradesh,36,1,11,26.8467,80.9462,0,37
3/25/2020,Uttarakhand,3,1,0,30.0668,79.0193,0,4
3/25/2020,West Bengal,9,0,0,22.9868,87.855,1,9
3/26/2020,Andaman and Nicobar Islands,1,0,0,11.7401,92.6586,0,1
3/26/2020,Andhra Pradesh,11,0,1,15.9129,79.74,0,11
3/26/2020,Bihar,6,0,0,25.0961,85.3131,1,6
3/26/2020,Chandigarh,7,0,0,30.7333,76.7794,0,7
3/26/2020,Chhattisgarh,6,0,0,21.2787,81.8661,0,6
3/26/2020,Delhi,35,1,6,28.7041,77.1025,1,36
3/26/2020,Goa,3,0,0,15.2993,74.124,0,3
3/26/2020,Gujarat,42,1,0,22.2587,71.1924,3,43
3/26/2020,Haryana,16,14,11,29.0588,76.0856,0,30
3/26/2020,Himachal Pradesh,3,0,0,31.1048,77.1734,1,3
3/26/2020,Jammu and Kashmir,13,0,1,33.7782,76.5762,1,13
3/26/2020,Karnataka,55,0,3,15.3173,75.7139,2,55
3/26/2020,Kerala,110,8,6,10.8505,76.2711,0,118
3/26/2020,Ladakh,13,0,0,34.2996,78.2932,0,13
3/26/2020,Madhya Pradesh,20,0,0,22.9734,78.6569,1,20
3/26/2020,Maharashtra,121,3,1,19.7515,75.7139,3,124
3/26/2020,Manipur,1,0,0,24.6637,93.9063,0,1
3/26/2020,Mizoram,1,0,0,23.1645,92.9376,0,1
3/26/2020,Odisha,2,0,0,20.9517,85.0985,0,2
3/26/2020,Puducherry,1,0,0,11.9416,79.8083,0,1
3/26/2020,Punjab,33,0,0,31.1471,75.3412,1,33
3/26/2020,Rajasthan,39,2,3,27.0238,74.2179,0,41
3/26/2020,Tamil Nadu,20,6,1,11.1271,78.6569,1,26
3/26/2020,Telengana,34,10,1,18.1124,79.0193,0,44
3/26/2020,Uttar Pradesh,40,1,11,26.8467,80.9462,0,41
3/26/2020,Uttarakhand,4,1,0,30.0668,79.0193,0,5
3/26/2020,West Bengal,10,0,0,22.9868,87.855,1,10
3/27/2020,Andaman and Nicobar Islands,1,0,0,11.7401,92.6586,0,1
3/27/2020,Andhra Pradesh,12,0,1,15.9129,79.74,0,12
3/27/2020,Bihar,6,0,0,25.0961,85.3131,1,6
3/27/2020,Chandigarh,7,0,0,30.7333,76.7794,0,7
3/27/2020,Chhattisgarh,6,0,0,21.2787,81.8661,0,6
3/27/2020,Delhi,35,1,6,28.7041,77.1025,1,36
3/27/2020,Goa,3,0,0,15.2993,74.124,0,3
3/27/2020,Gujarat,42,1,0,22.2587,71.1924,3,43
3/27/2020,Haryana,16,14,11,29.0588,76.0856,0,30
3/27/2020,Himachal Pradesh,3,0,0,31.1048,77.1734,1,3
3/27/2020,Jammu and Kashmir,13,0,1,33.7782,76.5762,1,13
3/27/2020,Karnataka,55,0,3,15.3173,75.7139,2,55
3/27/2020,Kerala,129,8,11,10.8505,76.2711,0,137
3/27/2020,Ladakh,13,0,3,34.2996,78.2932,0,13
3/27/2020,Madhya Pradesh,20,0,0,22.9734,78.6569,1,20
3/27/2020,Maharashtra,127,3,15,19.7515,75.7139,4,130
3/27/2020,Manipur,1,0,0,24.6637,93.9063,0,1
3/27/2020,Mizoram,1,0,0,23.1645,92.9376,0,1
3/27/2020,Odisha,2,0,0,20.9517,85.0985,0,2
3/27/2020,Puducherry,1,0,0,11.9416,79.8083,0,1
3/27/2020,Punjab,33,0,0,31.1471,75.3412,1,33
3/27/2020,Rajasthan,39,2,3,27.0238,74.2179,0,41
3/27/2020,Tamil Nadu,23,6,1,11.1271,78.6569,1,29
3/27/2020,Telengana,35,10,1,18.1124,79.0193,0,45
3/27/2020,Uttar Pradesh,40,1,11,26.8467,80.9462,0,41
3/27/2020,Uttarakhand,4,1,0,30.0668,79.0193,0,5
3/27/2020,West Bengal,10,0,0,22.9868,87.855,1,10
3/28/2020,Andaman and Nicobar Islands,6,0,0,11.7401,92.6586,0,6
3/28/2020,Andhra Pradesh,14,0,1,15.9129,79.74,0,14
3/28/2020,Bihar,9,0,0,25.0961,85.3131,1,9
3/28/2020,Chandigarh,8,0,0,30.7333,76.7794,0,8
3/28/2020,Chhattisgarh,6,0,0,21.2787,81.8661,0,6
3/28/2020,Delhi,38,1,6,28.7041,77.1025,1,39
3/28/2020,Goa,3,0,0,15.2993,74.124,0,3
3/28/2020,Gujarat,44,1,0,22.2587,71.1924,3,45
3/28/2020,Haryana,19,14,12,29.0588,76.0856,0,33
3/28/2020,Himachal Pradesh,3,0,0,31.1048,77.1734,1,3
3/28/2020,Jammu and Kashmir,20,0,1,33.7782,76.5762,1,20
3/28/2020,Karnataka,55,0,3,15.3173,75.7139,2,55
3/28/2020,Kerala,168,8,11,10.8505,76.2711,0,176
3/28/2020,Ladakh,13,0,3,34.2996,78.2932,0,13
3/28/2020,Madhya Pradesh,30,0,0,22.9734,78.6569,2,30
3/28/2020,Maharashtra,177,3,25,19.7515,75.7139,5,180
3/28/2020,Manipur,1,0,0,24.6637,93.9063,0,1
3/28/2020,Mizoram,1,0,0,23.1645,92.9376,0,1
3/28/2020,Odisha,3,0,0,20.9517,85.0985,0,3
3/28/2020,Puducherry,1,0,0,11.9416,79.8083,0,1
3/28/2020,Punjab,38,0,1,31.1471,75.3412,1,38
3/28/2020,Rajasthan,52,2,3,27.0238,74.2179,0,54
3/28/2020,Tamil Nadu,34,6,2,11.1271,78.6569,1,40
3/28/2020,Telengana,46,10,1,18.1124,79.0193,0,56
3/28/2020,Uttar Pradesh,54,1,11,26.8467,80.9462,0,55
3/28/2020,Uttarakhand,4,1,0,30.0668,79.0193,0,5
3/28/2020,West Bengal,15,0,0,22.9868,87.855,1,15
3/29/2020,Andaman and Nicobar Islands,9,0,0,11.7401,92.6586,0,9
3/29/2020,Andhra Pradesh,14,0,1,15.9129,79.74,0,14
3/29/2020,Bihar,9,0,0,25.0961,85.3131,1,9
3/29/2020,Chandigarh,8,0,0,30.7333,76.7794,0,8
3/29/2020,Chhattisgarh,6,0,0,21.2787,81.8661,0,6
3/29/2020,Delhi,38,1,6,28.7041,77.1025,2,39
3/29/2020,Goa,2,1,0,15.2993,74.124,0,3
3/29/2020,Gujarat,52,1,0,22.2587,71.1924,4,53
3/29/2020,Haryana,19,14,12,29.0588,76.0856,0,33
3/29/2020,Himachal Pradesh,3,0,0,31.1048,77.1734,1,3
3/29/2020,Jammu and Kashmir,31,0,1,33.7782,76.5762,1,31
3/29/2020,Karnataka,76,0,5,15.3173,75.7139,3,76
3/29/2020,Kerala,174,8,15,10.8505,76.2711,1,182
3/29/2020,Ladakh,13,0,3,34.2996,78.2932,0,13
3/29/2020,Madhya Pradesh,30,0,0,22.9734,78.6569,2,30
3/29/2020,Maharashtra,183,3,25,19.7515,75.7139,6,186
3/29/2020,Manipur,1,0,0,24.6637,93.9063,0,1
3/29/2020,Mizoram,1,0,0,23.1645,92.9376,0,1
3/29/2020,Odisha,3,0,0,20.9517,85.0985,0,3
3/29/2020,Puducherry,1,0,0,11.9416,79.8083,0,1
3/29/2020,Punjab,38,0,1,31.1471,75.3412,1,38
3/29/2020,Rajasthan,52,2,3,27.0238,74.2179,0,54
3/29/2020,Tamil Nadu,36,6,2,11.1271,78.6569,1,42
3/29/2020,Telengana,56,10,1,18.1124,79.0193,1,66
3/29/2020,Uttar Pradesh,54,1,11,26.8467,80.9462,0,55
3/29/2020,Uttarakhand,5,1,1,30.0668,79.0193,0,6
3/29/2020,West Bengal,18,0,0,22.9868,87.855,1,18
3/30/2020,Andaman and Nicobar Islands,0,0,0,11.7401,92.6586,0,9
3/30/2020,Andhra Pradesh,0,0,1,15.9129,79.74,0,19
3/30/2020,Bihar,0,0,0,25.0961,85.3131,1,11
3/30/2020,Chandigarh,0,0,0,30.7333,76.7794,0,8
3/30/2020,Chhattisgarh,0,0,0,21.2787,81.8661,0,7
3/30/2020,Delhi,0,0,6,28.7041,77.1025,2,53
3/30/2020,Goa,0,0,0,15.2993,74.124,0,5
3/30/2020,Gujarat,0,0,1,22.2587,71.1924,5,58
3/30/2020,Haryana,0,0,17,29.0588,76.0856,0,33
3/30/2020,Himachal Pradesh,0,0,0,31.1048,77.1734,1,3
3/30/2020,Jammu and Kashmir,0,0,1,33.7782,76.5762,2,31
3/30/2020,Karnataka,0,0,5,15.3173,75.7139,3,80
3/30/2020,Kerala,0,0,19,10.8505,76.2711,1,194
3/30/2020,Ladakh,0,0,3,34.2996,78.2932,0,13
3/30/2020,Madhya Pradesh,0,0,0,22.9734,78.6569,2,33
3/30/2020,Maharashtra,0,0,25,19.7515,75.7139,8,193
3/30/2020,Manipur,0,0,0,24.6637,93.9063,0,1
3/30/2020,Mizoram,0,0,0,23.1645,92.9376,0,1
3/30/2020,Odisha,0,0,0,20.9517,85.0985,0,3
3/30/2020,Puducherry,0,0,0,11.9416,79.8083,0,1
3/30/2020,Punjab,0,0,1,31.1471,75.3412,1,38
3/30/2020,Rajasthan,0,0,3,27.0238,74.2179,0,57
3/30/2020,Tamil Nadu,0,0,4,11.1271,78.6569,1,50
3/30/2020,Telengana,0,0,1,18.1124,79.0193,1,69
3/30/2020,Uttar Pradesh,0,0,11,26.8467,80.9462,0,75
3/30/2020,Uttarakhand,0,0,2,30.0668,79.0193,0,7
3/30/2020,West Bengal,0,0,0,22.9868,87.855,1,19
3/31/2020,Andaman and Nicobar Islands,0,0,0,11.7401,92.6586,0,10
3/31/2020,Andhra Pradesh,0,0,1,15.9129,79.74,0,40
3/31/2020,Bihar,0,0,0,25.0961,85.3131,1,15
3/31/2020,Chandigarh,0,0,0,30.7333,76.7794,0,13
3/31/2020,Chhattisgarh,0,0,0,21.2787,81.8661,0,8
3/31/2020,Delhi,0,0,6,28.7041,77.1025,2,97
3/31/2020,Goa,0,0,0,15.2993,74.124,0,5
3/31/2020,Gujarat,0,0,3,22.2587,71.1924,6,73
3/31/2020,Haryana,0,0,21,29.0588,76.0856,0,40
3/31/2020,Himachal Pradesh,0,0,0,31.1048,77.1734,1,3
3/31/2020,Jammu and Kashmir,0,0,2,33.7782,76.5762,2,54
3/31/2020,Karnataka,0,0,5,15.3173,75.7139,3,83
3/31/2020,Kerala,0,0,19,10.8505,76.2711,1,234
3/31/2020,Ladakh,0,0,3,34.2996,78.2932,0,13
3/31/2020,Madhya Pradesh,0,0,0,22.9734,78.6569,3,47
3/31/2020,Maharashtra,0,0,39,19.7515,75.7139,9,216
3/31/2020,Manipur,0,0,0,24.6637,93.9063,0,1
3/31/2020,Mizoram,0,0,0,23.1645,92.9376,0,1
3/31/2020,Odisha,0,0,0,20.9517,85.0985,0,3
3/31/2020,Puducherry,0,0,0,11.9416,79.8083,0,1
3/31/2020,Punjab,0,0,1,31.1471,75.3412,3,41
3/31/2020,Rajasthan,0,0,3,27.0238,74.2179,0,74
3/31/2020,Tamil Nadu,0,0,4,11.1271,78.6569,1,74
3/31/2020,Telengana,0,0,1,18.1124,79.0193,1,79
3/31/2020,Uttar Pradesh,0,0,14,26.8467,80.9462,0,101
3/31/2020,Uttarakhand,0,0,2,30.0668,79.0193,0,7
3/31/2020,West Bengal,0,0,0,22.9868,87.855,2,26
4/1/2020,Andaman and Nicobar Islands,0,0,1,11.7401,92.6586,0,10
4/1/2020,Andhra Pradesh,0,0,0,15.9129,79.74,0,83
4/1/2020,Assam,0,0,0,26.2006,92.9376,0,1
4/1/2020,Bihar,0,0,0,25.0961,85.3131,1,23
4/1/2020,Chandigarh,0,0,0,30.7333,76.7794,0,16
4/1/2020,Chhattisgarh,0,0,2,21.2787,81.8661,0,9
4/1/2020,Delhi,0,0,6,28.7041,77.1025,2,152
4/1/2020,Goa,0,0,0,15.2993,74.124,0,5
4/1/2020,Gujarat,0,0,5,22.2587,71.1924,6,82
4/1/2020,Haryana,0,0,21,29.0588,76.0856,0,43
4/1/2020,Himachal Pradesh,0,0,0,31.1048,77.1734,1,3
4/1/2020,Jammu and Kashmir,0,0,2,33.7782,76.5762,2,62
4/1/2020,Jharkhand,0,0,0,23.6102,85.2799,0,1
4/1/2020,Karnataka,0,0,8,15.3173,75.7139,3,101
4/1/2020,Kerala,0,0,23,10.8505,76.2711,2,241
4/1/2020,Ladakh,0,0,3,34.2996,78.2932,0,13
4/1/2020,Madhya Pradesh,0,0,0,22.9734,78.6569,3,66
4/1/2020,Maharashtra,0,0,39,19.7515,75.7139,9,302
4/1/2020,Manipur,0,0,0,24.6637,93.9063,0,1
4/1/2020,Mizoram,0,0,0,23.1645,92.9376,0,1
4/1/2020,Odisha,0,0,0,20.9517,85.0985,0,4
4/1/2020,Puducherry,0,0,1,11.9416,79.8083,0,3
4/1/2020,Punjab,0,0,1,31.1471,75.3412,3,42
4/1/2020,Rajasthan,0,0,3,27.0238,74.2179,0,93
4/1/2020,Tamil Nadu,0,0,6,11.1271,78.6569,1,234
4/1/2020,Telengana,0,0,1,18.1124,79.0193,3,96
4/1/2020,Uttar Pradesh,0,0,14,26.8467,80.9462,2,103
4/1/2020,Uttarakhand,0,0,2,30.0668,79.0193,0,7
4/2/2020,Andaman and Nicobar Islands,0,0,0,11.7401,92.6586,0,10
4/2/2020,Andhra Pradesh,0,0,1,15.9129,79.74,1,86
4/2/2020,Assam,0,0,0,26.2006,92.9376,0,1
4/2/2020,Bihar,0,0,0,25.0961,85.3131,1,23
4/2/2020,Chandigarh,0,0,0,30.7333,76.7794,0,16
4/2/2020,Chhattisgarh,0,0,2,21.2787,81.8661,0,9
4/2/2020,Delhi,0,0,6,28.7041,77.1025,2,152
4/2/2020,Goa,0,0,0,15.2993,74.124,0,5
4/2/2020,Gujarat,0,0,5,22.2587,71.1924,6,82
4/2/2020,Haryana,0,0,21,29.0588,76.0856,0,43
4/2/2020,Himachal Pradesh,0,0,1,31.1048,77.1734,1,3
4/2/2020,Jammu and Kashmir,0,0,2,33.7782,76.5762,2,62
4/2/2020,Jharkhand,0,0,0,23.6102,85.2799,0,1
4/2/2020,Karnataka,0,0,9,15.3173,75.7139,3,110
4/2/2020,Kerala,0,0,25,10.8505,76.2711,2,265
4/2/2020,Ladakh,0,0,3,34.2996,78.2932,0,13
4/2/2020,Madhya Pradesh,0,0,0,22.9734,78.6569,6,99
4/2/2020,Maharashtra,0,0,42,19.7515,75.7139,13,335
4/2/2020,Manipur,0,0,0,24.6637,93.9063,0,1
4/2/2020,Mizoram,0,0,0,23.1645,92.9376,0,1
4/2/2020,Odisha,0,0,0,20.9517,85.0985,0,4
4/2/2020,Puducherry,0,0,1,11.9416,79.8083,0,3
4/2/2020,Punjab,0,0,1,31.1471,75.3412,4,46
4/2/2020,Rajasthan,0,0,3,27.0238,74.2179,0,108
4/2/2020,Tamil Nadu,0,0,6,11.1271,78.6569,1,234
4/2/2020,Telengana,0,0,1,18.1124,79.0193,3,96
4/2/2020,Uttar Pradesh,0,0,14,26.8467,80.9462,2,113
4/2/2020,Uttarakhand,0,0,2,30.0668,79.0193,0,7
4/3/2020,Andaman and Nicobar Islands,0,0,0,11.7401,92.6586,0,10
4/3/2020,Andhra Pradesh,0,0,1,15.9129,79.74,1,132
4/3/2020,Arunachal Pradesh,0,0,0,28.218,94.7278,0,1
4/3/2020,Assam,0,0,0,26.2006,92.9376,0,16
4/3/2020,Bihar,0,0,0,25.0961,85.3131,1,24
4/3/2020,Chandigarh,0,0,0,30.7333,76.7794,0,18
4/3/2020,Chhattisgarh,0,0,2,21.2787,81.8661,0,9
4/3/2020,Delhi,0,0,8,28.7041,77.1025,4,219
4/3/2020,Goa,0,0,0,15.2993,74.124,0,6
4/3/2020,Gujarat,0,0,8,22.2587,71.1924,7,87
4/3/2020,Haryana,0,0,21,29.0588,76.0856,0,43
4/3/2020,Himachal Pradesh,0,0,1,31.1048,77.1734,1,6
4/3/2020,Jammu and Kashmir,0,0,3,33.7782,76.5762,2,70
4/3/2020,Jharkhand,0,0,0,23.6102,85.2799,0,2
4/3/2020,Karnataka,0,0,10,15.3173,75.7139,3,124
4/3/2020,Kerala,0,0,27,10.8505,76.2711,2,286
4/3/2020,Ladakh,0,0,3,34.2996,78.2932,0,14
4/3/2020,Madhya Pradesh,0,0,0,22.9734,78.6569,6,99
4/3/2020,Maharashtra,0,0,42,19.7515,75.7139,16,335
4/3/2020,Manipur,0,0,0,24.6637,93.9063,0,2
4/3/2020,Mizoram,0,0,0,23.1645,92.9376,0,1
4/3/2020,Odisha,0,0,0,20.9517,85.0985,0,5
4/3/2020,Puducherry,0,0,1,11.9416,79.8083,0,3
4/3/2020,Punjab,0,0,1,31.1471,75.3412,4,46
4/3/2020,Rajasthan,0,0,3,27.0238,74.2179,0,133
4/3/2020,Tamil Nadu,0,0,6,11.1271,78.6569,1,309
4/3/2020,Telengana,0,0,1,18.1124,79.0193,3,107
4/3/2020,Uttar Pradesh,0,0,14,26.8467,80.9462,2,113
4/3/2020,Uttarakhand,0,0,2,30.0668,79.0193,0,10
4/3/2020,West Bengal,0,0,3,22.9868,87.855,3,53
